Workbook

Sheet Varsayimlar
A1: Deniz Dent — 7/24 Sesli Asistan Maliyet Modeli
A2: Sari hucreler elle degistirilir. Digerleri formulle hesaplanir. Hazirlayan: MIZ / My Inovatif Zeka · 02.10.2026
A4: NASIL KULLANILIR: Yalnizca SARI hucreleri degistirin. Gri hucreler otomatik hesaplanir.
A6: ÇAĞRI HACMİ
A7: Günlük çağrı sayısı | B7: 100 | C7: Kliniğin verdiği tahmin
A8: Ortalama görüşme süresi (dakika) | B8: 2.5 | C8: Varsayım — ilk aydan sonra gerçek veriyle güncellenecek
A9: Ayda çalışma günü | B9: 30 | C9: 7/24 olduğu için tüm günler
A10: Asistanın karşıladığı çağrı oranı | B10: 1 | C10: 1,00 = tüm çağrıları asistan karşılar
A12: Aylık çağrı sayısı | B12: =B7*B9*B10
A13: Aylık toplam dakika | B13: =B12*B8
A15: TİCARİ
A16: USD/TRY kuru | B16: 50 | C16: Temmuz 2026: ~47,5. Güncel kuru buraya yazın.
A17: Hedef brüt marj | B17: 0.55 | C17: Fiyat = maliyet / (1 - marj)
A18: Model seçimi (1/2/3) | B18: 2 | C18: 1=Opus 5.5 2=Sonnet 5.5 3=Haiku 4.5
A20: Model seçimi notu: Sonnet 5.5 bu iş için yeterli. Opus daha güçlü ama bu görevde fark yaratmıyor;
A21: acil tarama ve zorunlu aktarım zaten modelden bağımsız çalışıyor. Haiku en ucuzu, kaliteyi ölçmeden geçilmemeli.

Sheet Birim Maliyetler
A1: Birim Maliyetler
A2: Tarih: 02.10.2026 · Fiyatlar saglayici sayfalarindan alinmistir, degisebilir. Kaynak sutununu okuyun.
A5: TELEFON (Twilio)
A6: ConversationRelay ($/dakika) | B6: 0.07 | C6: Twilio Conversational AI fiyat sayfası, 2026
A7: Gelen çağrı — Türkiye ($/dakika) | B7: 0.0701 | C7: Twilio Programmable Voice Türkiye, 2026
A8: Numara kirası ($/ay) | B8: 1.15 | C8: Uluslararası numara, başlangıç fiyatı
A9: UYARI: Twilio Türkiye için sesli yerel numara satmıyor olabilir. Doğrulanması gerekiyor —
A10: alternatif: kliniğin mevcut hattını Türk operatör/SIP üzerinden bağlamak. Bu, gelen çağrı kalemini düşürür.
A12: SES (ElevenLabs)
A13: Seslendirme ($/1.000 karakter) | B13: 0.05 | C13: ElevenLabs API, Flash v2.5, 2026
A14: Görüşme başına karakter | B14: 1500 | C14: Varsayım: 2,5 dk görüşmede asistan ~1.500 karakter konuşur
A16: YAPAY ZEKÂ (Anthropic Claude) — $/milyon token
B17: Opus 5.5 | C17: Sonnet 5.5 | D17: Haiku 4.5
A18: Girdi | B18: 4 | C18: 2 | D18: 1 | E18: Anthropic resmî fiyat listesi
A19: Çıktı | B19: 20 | C19: 10 | D19: 5 | E19: Anthropic resmî fiyat listesi
A20: Önbellekten okuma | B20: 0.2 | C20: 0.2 | D20: 0.1 | E20: Opus/Sonnet belgelenmiş; Haiku VARSAYIM
A22: GÖRÜŞME BAŞINA TOKEN KULLANIMI (varsayım)
A23: Görüşme başına tur sayısı | B23: 6 | C23: Hasta–asistan karşılıklı konuşma sayısı
A24: Sistem metni (token) | B24: 2500 | C24: İlk turda önbelleğe yazılır, sonra okunur
A25: Tur başına yeni girdi (token) | B25: 350 | C25: Hastanın sözü + araç sonuçları
A26: Tur başına çıktı (token) | B26: 120 | C26: Asistanın cevabı — telefon için kısa
A28: ALTYAPI
A29: Sunucu + veritabanı ($/ay) | B29: 40 | C29: Hetzner/Railway sınıfı, yedekli

Sheet Aylik Maliyet
A1: Aylık Maliyet
A2: Varsayimlar ve Birim Maliyetler sayfalarindan otomatik hesaplanir.
A5: HACİM
A6: Aylık çağrı | B6: =Varsayimlar!B12
A7: Aylık dakika | B7: =Varsayimlar!B13
A9: MALİYET KALEMLERİ ($)
A10: ConversationRelay | B10: =B7*'Birim Maliyetler'!B6
A11: Gelen çağrı (telefon hattı) | B11: =B7*'Birim Maliyetler'!B7
A12: Numara kirası | B12: ='Birim Maliyetler'!B8
A13: Seslendirme (ElevenLabs) | B13: =B6*'Birim Maliyetler'!B14/1000*'Birim Maliyetler'!B13
A14: Yapay zekâ (Claude) | B14: =B6*((('Birim Maliyetler'!B25*'Birim Maliyetler'!B23)+('Birim Maliyetler'!B24*1.25))/1000000*INDEX('Birim Maliyetler'!B18:D18,Varsayimlar!B18)+('Birim Maliyetler'!B24*('Birim Maliyetler'!B23-1))/1000000*INDEX('Birim Maliyetler'!B20:D20,Varsayimlar!B18)+('Birim Maliyetler'!B26*'Birim Maliyetler'!B23)/1000000*INDEX('Birim Maliyetler'!B19:D19,Varsayimlar!B18))
A15: Sunucu + veritabanı | B15: ='Birim Maliyetler'!B29
A17: TOPLAM ($/ay) | B17: =SUM(B10:B15)
A18: TOPLAM (₺/ay) | B18: =B17*Varsayimlar!B16
A20: Çağrı başına maliyet (₺) | B20: =IF(B6=0,0,B18/B6)
A21: Dakika başına maliyet (₺) | B21: =IF(B7=0,0,B18/B7)
A23: PAY DAĞILIMI
A24: Telefon (relay + çağrı + numara) | B24: =B10+B11+B12 | C24: =IF($B$17=0,0,B24/$B$17)
A25: Seslendirme | B25: =B13 | C25: =IF($B$17=0,0,B25/$B$17)
A26: Yapay zekâ | B26: =B14 | C26: =IF($B$17=0,0,B26/$B$17)
A27: Altyapı | B27: =B15 | C27: =IF($B$17=0,0,B27/$B$17)

Sheet Fiyatlandirma
A1: Fiyatlandırma
A2: Maliyetin uzerine hedef marj eklenerek onerilen fiyat hesaplanir.
A5: AYLIK
A6: Aylık değişken maliyet (₺) | B6: ='Aylik Maliyet'!B18
A7: Aylık bakım/destek emeği (₺) | B7: 15000 | C7: İzleme, güncelleme, klinik talepleri
A8: Toplam aylık maliyet (₺) | B8: =B6+B7
A10: ÖNERİLEN AYLIK FİYAT (₺) | B10: =B8/(1-Varsayimlar!B17)
A11: Aylık brüt kâr (₺) | B11: =B10-B8
A13: KURULUM (tek seferlik)
A14: Kurulum iş günü | B14: 25 | C14: Entegrasyon, klinik verisi, test, eğitim
A15: Günlük maliyet (₺) | B15: 4000 | C15: İç maliyet
A16: Kurulum maliyeti (₺) | B16: =B14*B15
A17: ÖNERİLEN KURULUM FİYATI (₺) | B17: =B16/(1-Varsayimlar!B17)
A19: KARŞILAŞTIRMA
A20: Önceki teklif (mesai dışı kapsam) | B20: 12900 | C20: 55.000 ₺ kurulum + 12.900 ₺/ay — kapsam yalnızca mesai dışıydı
A21: Fark (kat) | B21: =IF(B20=0,0,B10/B20)
A23: Not: Önceki teklif mesai dışı çağrıları kapsıyordu. 7/24 ve günde 100 çağrı,
A24: kullanım bazlı kalemleri (telefon dakikası, seslendirme, model) doğrudan artırır.

Sheet Senaryolar
A1: Senaryolar — çağrı hacmine göre
A2: Diger varsayimlar sabit tutularak yalnizca gunluk cagri sayisi degistirilmistir.
A5: Günlük çağrı | B5: Aylık çağrı | C5: Aylık dakika | D5: Maliyet ($/ay) | E5: Maliyet (₺/ay) | F5: Çağrı başına (₺) | G5: Önerilen fiyat (₺/ay)
A6: 25 | B6: =A6*Varsayimlar!B9*Varsayimlar!B10 | C6: =B6*Varsayimlar!B8 | D6: =C6*('Birim Maliyetler'!B6+'Birim Maliyetler'!B7)+'Birim Maliyetler'!B8+B6*'Birim Maliyetler'!B14/1000*'Birim Maliyetler'!B13+B6*((('Birim Maliyetler'!B25*'Birim Maliyetler'!B23)+('Birim Maliyetler'!B24*1.25))/1000000*INDEX('Birim Maliyetler'!B18:D18,Varsayimlar!B18)+('Birim Maliyetler'!B24*('Birim Maliyetler'!B23-1))/1000000*INDEX('Birim Maliyetler'!B20:D20,Varsayimlar!B18)+('Birim Maliyetler'!B26*'Birim Maliyetler'!B23)/1000000*INDEX('Birim Maliyetler'!B19:D19,Varsayimlar!B18))+'Birim Maliyetler'!B29 | E6: =D6*Varsayimlar!B16 | F6: =IF(B6=0,0,E6/B6) | G6: =(E6+Fiyatlandirma!$B$7)/(1-Varsayimlar!B17)
A7: 50 | B7: =A7*Varsayimlar!B9*Varsayimlar!B10 | C7: =B7*Varsayimlar!B8 | D7: =C7*('Birim Maliyetler'!B6+'Birim Maliyetler'!B7)+'Birim Maliyetler'!B8+B7*'Birim Maliyetler'!B14/1000*'Birim Maliyetler'!B13+B7*((('Birim Maliyetler'!B25*'Birim Maliyetler'!B23)+('Birim Maliyetler'!B24*1.25))/1000000*INDEX('Birim Maliyetler'!B18:D18,Varsayimlar!B18)+('Birim Maliyetler'!B24*('Birim Maliyetler'!B23-1))/1000000*INDEX('Birim Maliyetler'!B20:D20,Varsayimlar!B18)+('Birim Maliyetler'!B26*'Birim Maliyetler'!B23)/1000000*INDEX('Birim Maliyetler'!B19:D19,Varsayimlar!B18))+'Birim Maliyetler'!B29 | E7: =D7*Varsayimlar!B16 | F7: =IF(B7=0,0,E7/B7) | G7: =(E7+Fiyatlandirma!$B$7)/(1-Varsayimlar!B17)
A8: 100 | B8: =A8*Varsayimlar!B9*Varsayimlar!B10 | C8: =B8*Varsayimlar!B8 | D8: =C8*('Birim Maliyetler'!B6+'Birim Maliyetler'!B7)+'Birim Maliyetler'!B8+B8*'Birim Maliyetler'!B14/1000*'Birim Maliyetler'!B13+B8*((('Birim Maliyetler'!B25*'Birim Maliyetler'!B23)+('Birim Maliyetler'!B24*1.25))/1000000*INDEX('Birim Maliyetler'!B18:D18,Varsayimlar!B18)+('Birim Maliyetler'!B24*('Birim Maliyetler'!B23-1))/1000000*INDEX('Birim Maliyetler'!B20:D20,Varsayimlar!B18)+('Birim Maliyetler'!B26*'Birim Maliyetler'!B23)/1000000*INDEX('Birim Maliyetler'!B19:D19,Varsayimlar!B18))+'Birim Maliyetler'!B29 | E8: =D8*Varsayimlar!B16 | F8: =IF(B8=0,0,E8/B8) | G8: =(E8+Fiyatlandirma!$B$7)/(1-Varsayimlar!B17)
A9: 150 | B9: =A9*Varsayimlar!B9*Varsayimlar!B10 | C9: =B9*Varsayimlar!B8 | D9: =C9*('Birim Maliyetler'!B6+'Birim Maliyetler'!B7)+'Birim Maliyetler'!B8+B9*'Birim Maliyetler'!B14/1000*'Birim Maliyetler'!B13+B9*((('Birim Maliyetler'!B25*'Birim Maliyetler'!B23)+('Birim Maliyetler'!B24*1.25))/1000000*INDEX('Birim Maliyetler'!B18:D18,Varsayimlar!B18)+('Birim Maliyetler'!B24*('Birim Maliyetler'!B23-1))/1000000*INDEX('Birim Maliyetler'!B20:D20,Varsayimlar!B18)+('Birim Maliyetler'!B26*'Birim Maliyetler'!B23)/1000000*INDEX('Birim Maliyetler'!B19:D19,Varsayimlar!B18))+'Birim Maliyetler'!B29 | E9: =D9*Varsayimlar!B16 | F9: =IF(B9=0,0,E9/B9) | G9: =(E9+Fiyatlandirma!$B$7)/(1-Varsayimlar!B17)
A10: 200 | B10: =A10*Varsayimlar!B9*Varsayimlar!B10 | C10: =B10*Varsayimlar!B8 | D10: =C10*('Birim Maliyetler'!B6+'Birim Maliyetler'!B7)+'Birim Maliyetler'!B8+B10*'Birim Maliyetler'!B14/1000*'Birim Maliyetler'!B13+B10*((('Birim Maliyetler'!B25*'Birim Maliyetler'!B23)+('Birim Maliyetler'!B24*1.25))/1000000*INDEX('Birim Maliyetler'!B18:D18,Varsayimlar!B18)+('Birim Maliyetler'!B24*('Birim Maliyetler'!B23-1))/1000000*INDEX('Birim Maliyetler'!B20:D20,Varsayimlar!B18)+('Birim Maliyetler'!B26*'Birim Maliyetler'!B23)/1000000*INDEX('Birim Maliyetler'!B19:D19,Varsayimlar!B18))+'Birim Maliyetler'!B29 | E10: =D10*Varsayimlar!B16 | F10: =IF(B10=0,0,E10/B10) | G10: =(E10+Fiyatlandirma!$B$7)/(1-Varsayimlar!B17)
A11: 300 | B11: =A11*Varsayimlar!B9*Varsayimlar!B10 | C11: =B11*Varsayimlar!B8 | D11: =C11*('Birim Maliyetler'!B6+'Birim Maliyetler'!B7)+'Birim Maliyetler'!B8+B11*'Birim Maliyetler'!B14/1000*'Birim Maliyetler'!B13+B11*((('Birim Maliyetler'!B25*'Birim Maliyetler'!B23)+('Birim Maliyetler'!B24*1.25))/1000000*INDEX('Birim Maliyetler'!B18:D18,Varsayimlar!B18)+('Birim Maliyetler'!B24*('Birim Maliyetler'!B23-1))/1000000*INDEX('Birim Maliyetler'!B20:D20,Varsayimlar!B18)+('Birim Maliyetler'!B26*'Birim Maliyetler'!B23)/1000000*INDEX('Birim Maliyetler'!B19:D19,Varsayimlar!B18))+'Birim Maliyetler'!B29 | E11: =D11*Varsayimlar!B16 | F11: =IF(B11=0,0,E11/B11) | G11: =(E11+Fiyatlandirma!$B$7)/(1-Varsayimlar!B17)
A14: Sarı sütundaki günlük çağrı sayılarını değiştirebilirsiniz; satır kendini yeniden hesaplar.

Sheet Kaldiraclar
A1: Maliyet Düşürme Kaldıraçları
A2: Maliyetin %76si TELEFON. Yapay zeka sadece %4. Dusurulecek yer bellidir.
A4: Aşağıdaki her senaryo, yalnızca belirtilen kalemi değiştirip aylık maliyeti yeniden hesaplar.
A5: Sarı hücreler varsayımdır — gerçek teklif alınca doldurulacak.
A7: Senaryo | B7: Relay $/dk | C7: Gelen $/dk | D7: Çağrı oranı | E7: Maliyet ($/ay) | F7: Maliyet (₺/ay) | G7: Tasarruf
A8: A — Twilio (bugünkü varsayım) | B8: 0.07 | C8: 0.0701 | D8: 1 | E8: =((Varsayimlar!B7*Varsayimlar!B9*D8)*Varsayimlar!B8)*(B8+C8)+'Birim Maliyetler'!B8+(Varsayimlar!B7*Varsayimlar!B9*D8)*'Birim Maliyetler'!B14/1000*'Birim Maliyetler'!B13+(Varsayimlar!B7*Varsayimlar!B9*D8)*((('Birim Maliyetler'!B25*'Birim Maliyetler'!B23)+('Birim Maliyetler'!B24*1.25))/1000000*INDEX('Birim Maliyetler'!B18:D18,Varsayimlar!B18)+('Birim Maliyetler'!B24*('Birim Maliyetler'!B23-1))/1000000*INDEX('Birim Maliyetler'!B20:D20,Varsayimlar!B18)+('Birim Maliyetler'!B26*'Birim Maliyetler'!B23)/1000000*INDEX('Birim Maliyetler'!B19:D19,Varsayimlar!B18))+'Birim Maliyetler'!B29 | F8: =E8*Varsayimlar!B16 | G8: =IF($E$8=0,0,1-E8/$E$8) | H8: Referans. ConversationRelay + Twilio Türkiye gelen çağrı.
A9: B — Türk operatör + Twilio BYOC | B9: 0.07 | C9: 0.01 | D9: 1 | E9: =((Varsayimlar!B7*Varsayimlar!B9*D9)*Varsayimlar!B8)*(B9+C9)+'Birim Maliyetler'!B8+(Varsayimlar!B7*Varsayimlar!B9*D9)*'Birim Maliyetler'!B14/1000*'Birim Maliyetler'!B13+(Varsayimlar!B7*Varsayimlar!B9*D9)*((('Birim Maliyetler'!B25*'Birim Maliyetler'!B23)+('Birim Maliyetler'!B24*1.25))/1000000*INDEX('Birim Maliyetler'!B18:D18,Varsayimlar!B18)+('Birim Maliyetler'!B24*('Birim Maliyetler'!B23-1))/1000000*INDEX('Birim Maliyetler'!B20:D20,Varsayimlar!B18)+('Birim Maliyetler'!B26*'Birim Maliyetler'!B23)/1000000*INDEX('Birim Maliyetler'!B19:D19,Varsayimlar!B18))+'Birim Maliyetler'!B29 | F9: =E9*Varsayimlar!B16 | G9: =IF($E$8=0,0,1-E9/$E$8) | H9: Kendi operatorumuz Twilio ya BYOC ile baglanir. Relay aynen calisir, kod degismez. Teklif alinmali.
A10: C — Kendi STT + TTS (relay yok) | B10: 0.015 | C10: 0.01 | D10: 1 | E10: =((Varsayimlar!B7*Varsayimlar!B9*D10)*Varsayimlar!B8)*(B10+C10)+'Birim Maliyetler'!B8+(Varsayimlar!B7*Varsayimlar!B9*D10)*'Birim Maliyetler'!B14/1000*'Birim Maliyetler'!B13+(Varsayimlar!B7*Varsayimlar!B9*D10)*((('Birim Maliyetler'!B25*'Birim Maliyetler'!B23)+('Birim Maliyetler'!B24*1.25))/1000000*INDEX('Birim Maliyetler'!B18:D18,Varsayimlar!B18)+('Birim Maliyetler'!B24*('Birim Maliyetler'!B23-1))/1000000*INDEX('Birim Maliyetler'!B20:D20,Varsayimlar!B18)+('Birim Maliyetler'!B26*'Birim Maliyetler'!B23)/1000000*INDEX('Birim Maliyetler'!B19:D19,Varsayimlar!B18))+'Birim Maliyetler'!B29 | F10: =E10*Varsayimlar!B16 | G10: =IF($E$8=0,0,1-E10/$E$8) | H10: ConversationRelay yerine kendi akışımız. Geliştirme işi var, dakika ücreti düşer.
A11: D — Sadece mesai dışı | B11: 0.07 | C11: 0.0701 | D11: 0.35 | E11: =((Varsayimlar!B7*Varsayimlar!B9*D11)*Varsayimlar!B8)*(B11+C11)+'Birim Maliyetler'!B8+(Varsayimlar!B7*Varsayimlar!B9*D11)*'Birim Maliyetler'!B14/1000*'Birim Maliyetler'!B13+(Varsayimlar!B7*Varsayimlar!B9*D11)*((('Birim Maliyetler'!B25*'Birim Maliyetler'!B23)+('Birim Maliyetler'!B24*1.25))/1000000*INDEX('Birim Maliyetler'!B18:D18,Varsayimlar!B18)+('Birim Maliyetler'!B24*('Birim Maliyetler'!B23-1))/1000000*INDEX('Birim Maliyetler'!B20:D20,Varsayimlar!B18)+('Birim Maliyetler'!B26*'Birim Maliyetler'!B23)/1000000*INDEX('Birim Maliyetler'!B19:D19,Varsayimlar!B18))+'Birim Maliyetler'!B29 | F11: =E11*Varsayimlar!B16 | G11: =IF($E$8=0,0,1-E11/$E$8) | H11: Gündüz resepsiyon karşılar. Çağrıların ~%35i asistana düşer.
A12: E — B + D birlikte | B12: 0.07 | C12: 0.01 | D12: 0.35 | E12: =((Varsayimlar!B7*Varsayimlar!B9*D12)*Varsayimlar!B8)*(B12+C12)+'Birim Maliyetler'!B8+(Varsayimlar!B7*Varsayimlar!B9*D12)*'Birim Maliyetler'!B14/1000*'Birim Maliyetler'!B13+(Varsayimlar!B7*Varsayimlar!B9*D12)*((('Birim Maliyetler'!B25*'Birim Maliyetler'!B23)+('Birim Maliyetler'!B24*1.25))/1000000*INDEX('Birim Maliyetler'!B18:D18,Varsayimlar!B18)+('Birim Maliyetler'!B24*('Birim Maliyetler'!B23-1))/1000000*INDEX('Birim Maliyetler'!B20:D20,Varsayimlar!B18)+('Birim Maliyetler'!B26*'Birim Maliyetler'!B23)/1000000*INDEX('Birim Maliyetler'!B19:D19,Varsayimlar!B18))+'Birim Maliyetler'!B29 | F12: =E12*Varsayimlar!B16 | G12: =IF($E$8=0,0,1-E12/$E$8) | H12: Türk operatör + yalnızca mesai dışı. En gerçekçi başlangıç.
A15: B senaryosu MİMARİ OLARAK DOĞRULANDI: Twilio BYOC (Bring Your Own Carrier) ile kendi
A16: operatörümüzü bağlayıp ConversationRelay i aynen kullanmaya devam edebiliyoruz — kod değişmiyor.
A17: EKSİK: Twilio nun BYOC dakika ücreti. Twilio ya sorulacak, modele eklenecek.
A19: ÖNEMLİ: B ve C senaryolarındaki dakika ücretleri VARSAYIMDIR. Türk SIP sağlayıcılardan
A20: teklif alınmadan bu sayılar müşteriye verilmemelidir.
A22: Yapay zekâ maliyeti neden küçük: görüşme başına yaklaşık 1 ₺. Model değiştirmek toplam
A23: maliyeti ancak %4 oynatıyor. Telefon kalemi ise %76 — iyileştirme oraya yapılmalı.
